hash_id,source_name,title,url,url_to_image,content,published_at_source
d5219eca876c02c5bef23ff8b8b5914e,Lifehacker.com,Why You Keep Triggering Fireworks During Video Calls (and How to Fix It),https://lifehacker.com/why-you-keep-triggering-fireworks-during-video-calls-a-1850924117,"https://i.kinja-img.com/image/upload/c_fill,f_auto,fl_progressive,g_center,h_675,pg_1,q_80,w_1200/cce92bfe9faba0b6b2e48da531024ca6.png","Did you just update your iPhone and Mac to the latest versions of iOS 17 and macOS Sonoma? Did you also accidentally set off fireworks during your latest work call, or somehow get it to start raining… [+2190 chars]",2023-10-13T21:30:00Z
130fec9ef4080fca0ad911938d9a6441,Engadget,Caltech's seven-year Wi-Fi patent battle with Apple and Broadcom is over,https://www.engadget.com/caltechs-seven-year-wi-fi-patent-battle-with-apple-and-broadcom-is-over-082546571.html,https://s.yimg.com/ny/api/res/1.2/9MDfFueBGI.xFqd9EWL6Zw--/YXBwaWQ9aGlnaGxhbmRlcjt3PTEyMDA7aD04MDA-/https://s.yimg.com/os/creatr-uploaded-images/2023-10/741cab80-6773-11ee-b79d-b863b5e547dd,"The California Institute of Technology (Caltech) has reached a settlement with Apple and Broadcom over Wi-Fi chips, ending a billion-dollar patent dispute that started in 2016, Reuters has reported. … [+1514 chars]",2023-10-13T08:25:46Z
8706a4458a9d464e4face0c248bb2110,Engadget,The 26 best Amazon Prime Day deals you can still shop for today,https://www.engadget.com/the-26-best-amazon-prime-day-deals-you-can-still-shop-for-today-154416960.html,https://s.yimg.com/ny/api/res/1.2/SquA2iJpyz4itcZj1KFgcw--/YXBwaWQ9aGlnaGxhbmRlcjt3PTEyMDA7aD04MDA-/https://s.yimg.com/os/creatr-uploaded-images/2023-10/4cdcbfc0-6911-11ee-aeff-e2b6af89dfff,"Amazon's October Prime Day sale officially ended yesterday, but some of the deals are still live. That means there's time to run through your holiday gift list one more time or pick up something for … [+14587 chars]",2023-10-12T15:44:16Z
b1900b2e646abe15cac54019f8488430,Wired,"Infinite Machine P1 Electric Scooter: Specs, Release Date, Features",https://www.wired.com/story/infinite-machine-p1-electric-scooter/,"https://media.wired.com/photos/652814d9791dfe8bf2d75169/191:100/w_1280,c_limit/scooter-gear-3.-Front-3-4.jpg","For about 10 minutes last week, I felt like I was Judge Dredd, riding the burly Lawmaster motorcycle from the 1995 film. People on the cobbled streets of Red Hook, Brooklyn, stared at me as I rode by… [+2054 chars]",2023-10-12T17:15:00Z
9b3193e469a478bb57ef617959d805ad,The Verge,Godzilla’s got some new friends in Monarch: Legacy of Monsters’ latest trailer,https://www.theverge.com/2023/10/13/23915831/apple-monarch-legacy-of-monsters-godzilla-eggs,https://cdn.vox-cdn.com/thumbor/DeJL-LgGM5aUKZLQEYh3p-tTLYY=/0x0:2880x1186/1200x628/filters:focal(1921x478:1922x479)/cdn.vox-cdn.com/uploads/chorus_asset/file/25000287/Screen_Shot_2023_10_13_at_11.42.24_AM.png,"Godzillas got some new friends in Monarch: Legacy of Monsters latest trailer
Godzillas got some new friends in Monarch: Legacy of Monsters latest trailer
 / The newest trailer for Apple TV Plus God… [+1769 chars]",2023-10-13T16:48:30Z
4fb5d3385621c55cc7e1e7c034099d36,The Verge,Microsoft Surface Laptop Go 3 review: why does this exist?,https://www.theverge.com/23906932/microsoft-surface-laptop-go-3-review,https://cdn.vox-cdn.com/thumbor/qDbcsTnccfH--trb4rBPiLXLToY=/0x0:2040x1360/1200x628/filters:focal(1050x839:1051x840)/cdn.vox-cdn.com/uploads/chorus_asset/file/24971070/236820_Surface_Laptop_Go_3_AKrales_0013.jpg,"The Go 3 is a nice-looking and well-built device, but the $999 price makes no sense.
ByMonica Chin, a senior reviewer covering laptops and other gadgets. Monica was a writer for Tom's Guide and Busi… [+10317 chars]",2023-10-12T14:00:00Z
d3ed892ae81e408406a7c216d151e4db,The Verge,"Asus Chromebook Plus CX34 review: a simple, smart purchase",https://www.theverge.com/23914934/asus-chromebook-plus-cx34-review,https://cdn.vox-cdn.com/thumbor/jLvKNjOWtqpDZaJiOHKHlCTl3_A=/0x0:2040x1360/1200x628/filters:focal(1020x680:1021x681)/cdn.vox-cdn.com/uploads/chorus_asset/file/24997606/236833_Asus_Chromebook_Plus_CX34_AKrales_0045.jpg,"Googles midrange Chromebook Plus cohort is off to an excellent start.
ByMonica Chin, a senior reviewer covering laptops and other gadgets. Monica was a writer for Tom's Guide and Business Insider be… [+14796 chars]",2023-10-13T13:00:00Z
d646a193b08c4bdc84a381f834194b9a,Gizmodo.com,Apple Watch Series 9: The Best Smartwatch for iPhone Users Gets a New Gesture,https://gizmodo.com/apple-watch-series-9-review-1850908847,"https://i.kinja-img.com/image/upload/c_fill,f_auto,fl_progressive,g_center,h_675,pg_1,q_80,w_1200/d2d185082e314738b2e9f281cdfeaa55.png","You should have an Apple Watch if you use an iPhone. It is the defacto accessory, perfectly tailored to the iPhone users needs and, presumably, wants. I say presumably because Apples idea to add the … [+8197 chars]",2023-10-13T16:25:00Z
a81479be9963c49f1025280c6f2ce3f6,Gizmodo.com,For All Mankind's Season 4 Trailer Introduces a New Space Race,https://gizmodo.com/for-all-mankind-season-4-trailer-mars-apple-tv-plus-1850922106,"https://i.kinja-img.com/image/upload/c_fill,f_auto,fl_progressive,g_center,h_675,pg_1,q_80,w_1200/09b891caa38e599c8e4e974abd807380.jpg","Theyve raced for the moon, theyve raced for Mars, and now the astronauts of For All Mankind are racing after an asteroid. The first trailer for season four of Apple TV+s incredible alternate reality … [+1904 chars]",2023-10-12T20:45:00Z
e04e108d89a70994c92f77554c62723a,Gizmodo.com,Starlink Says It's Bringing Cell Service to Remote Regions Starting Next Year,https://gizmodo.com/starlink-brings-cell-service-remote-regions-next-year-1850921707,"https://i.kinja-img.com/image/upload/c_fill,f_auto,fl_progressive,g_center,h_675,pg_1,q_80,w_1200/d0827968c8bfc723aeb5207ebe676706.jpg","Starlink is rolling out its Direct to Cell service starting in 2024, SpaceX announced on its webpage that went up on Tuesday. The new service will use its satellites to provide users with talk, text,… [+2941 chars]",2023-10-12T16:25:00Z
89251aa9fbce61c1c622c6e1fd09b9b2,Ars Technica,"Apple AirTags stalking led to ruin and murders, lawsuit says",https://arstechnica.com/tech-policy/2023/10/apple-airtags-triggered-explosion-of-stalking-reports-nationwide-lawsuit-says/,https://cdn.arstechnica.net/wp-content/uploads/2023/10/GettyImages-1320238181-760x380.jpg,"28 with 
This month, more than three dozen victims allegedly terrorized by stalkers using Apple AirTags have joined a class-action lawsuit filed in a California court last December against Apple. Th… [+5620 chars]",2023-10-12T20:36:36Z
287a789640956772aa700cf637321810,Ars Technica,Ubuntu 23.10 is a Minotaur that moves faster and takes up less space,https://arstechnica.com/gadgets/2023/10/ubuntu-23-10-is-a-smidge-smaller-a-bit-snappier-and-has-some-desktop-upgrades/,https://cdn.arstechnica.net/wp-content/uploads/2023/10/actually_empty_desktop-760x380.png,"Enlarge/ The Ubuntu 23.10 desktop, working just fine before you start messing with it.
10 with 
Ubuntu 23.10, codenamed Mantic Minotaur, is the 39th Ubuntu release, and it's one of the three smalle… [+5691 chars]",2023-10-12T22:00:26Z
48c12ec6c04765a2831d2e8d7d2b4099,Android Central,"With the Pixel 8 series, there is now a clear divide between Google's Android and Google Pixel",https://www.androidcentral.com/phones/google-makes-pixel-8-stand-out-among-other-android-phones,https://cdn.mos.cms.futurecdn.net/boVf4p3mcjQvLY347xzgna-1200-80.jpg,"Every company that makes a smartphone should show us something that's better than last year's design in some way. It doesn't have to be drastically different, though if it seems too familiar, nobody … [+5097 chars]",2023-10-14T15:00:06Z
70edac98a8fab84622a6bf1a08092c8c,Android Central,Google's eSIM migration tool has arrived on the Pixel 8,https://www.androidcentral.com/phones/google-pixel-8-esim-migration-tool,https://cdn.mos.cms.futurecdn.net/rVJJyWmCM8SimVqjoVUCfE-1200-80.jpg,"<ul><li>Google's eSIM transfer tool has arrived, letting users easily migrate their eSIM cards from their older Android devices to their Pixel 8.</li><li>The feature also lets you convert physical SI… [+2360 chars]",2023-10-13T01:06:20Z
3cdcf0e88add7df13914e4874feb7782,Android Central,Google has new nifty tools for users who are concerned about their privacy,https://www.androidcentral.com/apps-software/google-new-tools-for-cybersecurity-awareness-month,https://cdn.mos.cms.futurecdn.net/cjb5mmDrfwfRkYCYXiVafM-1200-80.jpg,"<ul><li>Google is back with new tools for Cybersecurity Awareness Month.</li><li>As part of the announcement, the search giant brings handy privacy tools to its products.</li><li>Dark Web report from… [+2861 chars]",2023-10-12T12:20:35Z
15ac26a4aaee87b522f1780bb3eb3ff9,Android Central,The Tensor G3 in the Pixel 8 is the best phone chip today,https://www.androidcentral.com/phones/google-pixel-8-tensor-g3-best-phone-chip-today,https://cdn.mos.cms.futurecdn.net/oi3AVzrJuSAZbnhwLADMmF-1200-80.jpg,"For some of us, the only things that maters when it comes to a new phone is the raw hardware performance. I agree, just not in the same way you probably think I do. That's why Google's Tensor G3 is, … [+4010 chars]",2023-10-12T06:00:55Z
eecc5db63fcbb8f8e68dceb0f71b7e4b,MacRumors,Apple Settles 7-Year Wi-Fi Chip Patent Dispute With Caltech,https://www.macrumors.com/2023/10/12/apple-caltech-wi-fi-lawsuit-settlement/,https://images.macrumors.com/t/PHmrF71wNFO8_dXNGwVWu8fj5-Q=/2500x/article-new/2023/01/Apple-Wi-Fi-Chip-Feature-Triad.jpg,"Apple and its Wi-Fi chip supplier Broadcom have reached an agreement with the California Institute of Technology (Caltech), putting an end to a years-long legal battle over wireless communication pat… [+1612 chars]",2023-10-12T19:45:29Z
5115fc8651ab66b2eb7fa3ddac71d768,MacRumors,HomePod Mini Now Three Years Old: Here's What to Expect From the Next Generation,https://www.macrumors.com/2023/10/13/homepod-mini-now-three-years-old/,https://images.macrumors.com/t/vNCnNh4c6NZGG2wexoQH1l1CoVo=/2500x/article-new/2020/11/homepod-mini-thumb-feature.jpg,"Apple announced the HomePod mini three years ago today at its ""Hi, Speed"" event alongside the iPhone 12 and ‌iPhone‌ 12 Pro, offering a small form-factor version of its smart speaker for the first ti… [+3824 chars]",2023-10-13T13:58:13Z
8c2308368a5296455aa0c8de1fee2833,MacRumors,iPhone 16 Series Chip Technology Moves to Volume Production,https://www.macrumors.com/2023/10/13/apple-obtains-orders-for-iphone-16-tsmc-chips/,https://images.macrumors.com/t/SmIQxxD8PeNRatir3RFKfqT519g=/3532x/article-new/2023/09/iPhone-16-Side-2-Feature.jpg,"Apple has already given order commitments to chip supplier TSMC for its second-generation 3nm chip fabrication process known as N3E, which is expected to be used in all four models of next year's iPh… [+2173 chars]",2023-10-13T10:17:49Z
c0f2b87a07792aeac2f50979e613cfbc,MacRumors,'Jelly Scrolling' Rumored to Be Reduced on iPad Mini 7 Thanks to Rotated Screen Assembly,https://www.macrumors.com/2023/10/13/jelly-scrolling-reduced-on-ipad-mini-7/,https://images.macrumors.com/t/AR2T5nGW_lzuEMVrYQEWep3cHow=/1920x/article-new/2021/09/ipad-mini-9.jpg,"The seventh-generation iPad mini's screen assembly will be rotated to reduce the effect of ""jelly scrolling"" that some users complain about with the current model, according to a Weibo leaker with an… [+2416 chars]",2023-10-13T12:46:32Z
1ec3009f89108373fb0b2c2357166c97,MacRumors,"iMac With M2 and M2 Pro Chips Could Arrive Soon, Says Latest Conflicting Rumor",https://www.macrumors.com/2023/10/13/imac-m2-and-m2-pro-rumor/,https://images.macrumors.com/t/p4Th6PC5esr_WQL27Nrz4RBzRFM=/1600x/article-new/2023/02/Hello-Tim-Cook-iMac.jpeg,"The next-generation 24-inch iMac will likely be available with M2 and M2 Pro chip options, Thunderbolt 4 ports, Wi-Fi 6E support, and Bluetooth 5.3 support, according to a report today from Japanese … [+1252 chars]",2023-10-13T17:21:56Z
848e063d19c01b0a9a832f0956642975,MacRumors,Microsoft's $69 Billion Deal to Buy Activision Blizzard Cleared By UK,https://www.macrumors.com/2023/10/13/microsoft-to-buy-activision-blizzard/,https://images.macrumors.com/t/MpnGoA1GLPGTsmYKUfFWvO63msY=/1920x/article-new/2022/01/microsoft-purchases-Activision.jpeg,Microsoft's revised offer to buy Activision Blizzard has been approved by the Competition and Markets Authority (CMA) after its initial acquisition attempt was blocked by the UK antitrust regulator. … [+1785 chars],2023-10-13T09:12:39Z
4b5ae5565b1a7dee1f963d14936a037d,CNET,iOS 17: Your Updated Photos App Can Recognize Your Pets Now - CNET,https://www.cnet.com/tech/mobile/ios-17-your-updated-photos-app-recognizes-your-pets-now/,https://www.cnet.com/a/img/resize/f193bedea381e39e6ee13ccacf9567603c6edec4/hub/2023/09/18/0f288036-89d0-4bfc-8506-f9af1ce4ac18/screenshot-2023-09-18-at-1-06-01-pm.png?auto=webp&fit=crop&height=675&width=1200,"Apple released iOS 17 on Sept. 18, and the latest OS brings new features and improvements to your iPhone, including Live Stickers and offline maps. The OS also updates the Photos app, which now lets … [+1641 chars]",2023-10-14T12:00:07Z
c176d14b8524b1689bea45d496aeea13,CNET,Bose QuietComfort Ultra Earbuds Review: Slightly Better Than Last Year's Model - CNET,https://www.cnet.com/tech/mobile/bose-quietcomfort-ultra-earbuds-review/,https://www.cnet.com/a/img/resize/ed835901e27518efc337fd6bb05001bf34d25907/hub/2023/10/06/a6048330-6e42-4ee3-b381-e7a5e54d0a11/bose-quietcomfort-ultra-earbuds-green-background.jpg?auto=webp&fit=crop&height=675&width=1200,"Not many people expected Bose to release a new set of $299 flagship noise-canceling earbuds only a year after launching its excellent QuietComfort Earbuds 2, which we awarded a CNET Editors' Choice. … [+9023 chars]",2023-10-12T11:00:05Z
fd85b8bb941921d0691b25632ec42181,CNET,The Pixel 8 Pro Has Camera Glitches. Here's How to Sidestep Them - CNET,https://www.cnet.com/tech/mobile/the-pixel-8-pro-has-camera-glitches-heres-how-to-sidestep-them/,https://www.cnet.com/a/img/resize/6142a7250e3f583d8345418a20458363e5537705/hub/2023/09/27/0a945a62-cd4e-49e9-8dae-76d9ab594067/20230925-google-pixel-8-pro-04.jpg?auto=webp&fit=crop&height=675&width=1200,"As a photographer, I wanted to love the Pixel 8 Pro's new high-end camera technology. But some unpleasant photo surprises during my first week of testing meant my relationship with Google's flagship … [+11195 chars]",2023-10-13T12:00:00Z
234854ace1fc9a9882609034e83be97d,MacRumors,Remember the Lower-Cost Apple Watch Series 1? It's Vintage Now,https://www.macrumors.com/2023/10/12/apple-watch-series-1-vintage/,https://images.macrumors.com/t/ENpNvZEqp3KqcGQ_27CmECPc0-0=/1966x/article-new/2023/10/Apple-Watch-Series-1-Vintage-Feature-2.jpg,"Apple today updated the public-facing vintage and obsolete products list on its website. The page confirms that all first-generation Apple Watch models are now obsolete, as we reported earlier this m… [+1146 chars]",2023-10-12T20:21:05Z
edf905b44c8d87fa87ae76678bc6dd1d,MacRumors,Apple Shares Checklist With Important Tips for Buying a Used iPhone,https://www.macrumors.com/2023/10/12/apple-preowned-iphone-checklist/,https://images.macrumors.com/t/n_XCF8jCrNmtafOshrzxj9yoqgU=/1960x/article-new/2020/04/iphoneseblack.jpg,"Apple this week published a new support document with some valuable tips for buying a preowned iPhone online or in person.
Apple starts off by touting that the iPhone ""lasts longer than other smartp… [+1142 chars]",2023-10-12T15:08:38Z
85f63aed20905ffd477b969985d4524c,MacRumors,California AirTag Lawsuit Widened to Include Dozens More Stalking Cases,https://www.macrumors.com/2023/10/13/airtag-lawsuit-widened-stalking-cases/,https://images.macrumors.com/t/977K7X1escNdd3BLtrBpo2P-x6E=/2000x/article-new/2021/05/airtag-with-cup.jpg,"Apple is facing an expanded class action lawsuit in federal court in San Francisco by more than three dozen victims allegedly terrorized by stalkers using Apple AirTags, reports ArsTechnica.
The com… [+3307 chars]",2023-10-13T11:45:30Z
92df79833d3f260538d5660d27a9a47f,MacRumors,The Best Apple Deals You Can Still Get From Amazon's October Prime Day,https://www.macrumors.com/2023/10/12/best-apple-deals-still-get-prime-day/,https://images.macrumors.com/t/4DWafYnneaJrmXVqOniDjdpGnGk=/1920x/article-new/2023/10/last-minute-prime-day.jpg,"Now that Amazon's Prime Big Deal Days event has ended, many of the week's best sales have expired. However, we're tracking a few Apple products that remain at their best-ever prices even after the en… [+2006 chars]",2023-10-12T17:17:36Z
1fc93ccb6cff4398aabd24e5a3f6cfea,MacRumors,iOS 17.1 to Launch by October 24,https://www.macrumors.com/2023/10/13/ios-17-1-launch-by-october-24/,https://images.macrumors.com/t/NL3-NVpdfhc2fILhsvbODdOfYy4=/2500x/article-new/2023/09/iOS-17.1-Feature.jpg,"Apple's upcoming iOS 17.1 update is set to be released to the public by October 24, according to the French regulatory group ANFR (via iPhoneSoft). The release date was shared on the ANFR's website i… [+1927 chars]",2023-10-13T17:30:21Z
300bbb3c118ba3e71cf18001ced893fb,MacRumors,"Apple's First M3 MacBooks Coming Next Year, Claims Shipment Forecast",https://www.macrumors.com/2023/10/12/apple-first-m3-macbooks-in-2024/,https://images.macrumors.com/t/na4HVhc4mouDF2FPKTOTu2lM9xQ=/1810x/article-new/2021/12/m3-feature-black.jpg,"Apple will release its first MacBooks based on TSMC's 3nm fabrication process in 2024, not this year as some rumors have suggested. That's according to a new five-year global notebook shipments forec… [+2363 chars]",2023-10-12T09:02:50Z
6d79d132fa2dec37c3c991a2951d6af1,MacRumors,"Best Apple Deals of the Week: AirPods, MacBook Air, Beats, and More at All-Time Low Prices in Wake of Prime Day",https://www.macrumors.com/2023/10/13/best-apple-deals-of-the-week-10-13-23/,https://images.macrumors.com/t/luyZ6WP6DV5teEGCPoqC652cJuY=/2500x/article-new/2022/06/Hero0012.jpg,"Amazon's October Prime Day happened this week, and although it's now over, we're tracking a few leftover discounts on popular Apple products. This weekend, you can still get Prime Day pricing on the … [+3294 chars]",2023-10-13T16:33:31Z
2ea32e8a87c967e0b1eb46cf65baaaf3,MacRumors,"iPhone 16 Pro Rumor Recap: Larger Displays, Capture Button, 5G Advanced, and More",https://www.macrumors.com/2023/10/14/iphone-16-pro-rumor-recap-october/,https://images.macrumors.com/t/dQzfQzCqjlEJdrgq3QVPbLFzfeM=/3532x/article-new/2023/09/iPhone-16-Side-Feature.jpg,"While the iPhone 16 Pro and iPhone 16 Pro Max are still around 11 months away from launching, there are already several rumors about the devices. Below, we have recapped new features and changes expe… [+2437 chars]",2023-10-14T16:00:00Z
92ccf4fd0e66fe3a16c3b801a054fa78,Slashdot.org,Musicians Are Angry About Venues Taking T-shirt Money,https://entertainment.slashdot.org/story/23/10/14/1649252/musicians-are-angry-about-venues-taking-t-shirt-money,https://a.fsdn.com/sd/topics/music_64.png,"The singer known as Tomberlin says their first five years in the music industry may have been a net loss, according to MarketWatch. Selling ""merch[andise]"" like t-shirts ""is what really is covering y… [+1733 chars]",2023-10-14T19:34:00Z
4535a6205e4db754713e64d6902f1444,Business Insider,Dozens more stalking victims join lawsuit claiming Apple AirTags are a 'weapon for stalkers and abusers',https://www.businessinsider.com/apple-airtag-dozens-more-stalking-victims-join-lawsuit-2023-10,https://i.insider.com/6529619f68f1d46f52b11ff1?width=1200&format=jpeg,"More than 30 people joined a class action lawsuit claiming Apple AirTags helped facilitate stalking.Melina Mara/Getty Images
<ul>
<li>37 people joined a class action lawsuit against Apple over stalk… [+2942 chars]",2023-10-14T14:48:11Z
26309e9ce0a5643018d6077638960afb,Business Insider,"Warren Buffett's Berkshire Hathaway has likely scored a 93% gain on Nubank stock this year, making the crypto-friendly bank its best performer",https://markets.businessinsider.com/news/stocks/warren-buffett-berkshire-hathaway-nubank-stock-performance-portfolio-crypto-bank-2023-10,https://i.insider.com/5f3aa95ae89ebf001f04541f?width=1200&format=jpeg,"Warren Buffett.Getty Images / Bill Pugliano
<ul>
<li>Berkshire Hathaway's best-performing stock this year is likely Nubank-owner Nu Holdings, up 93%.</li>
<li>Warren Buffett's company invested in th… [+2527 chars]",2023-10-12T10:28:44Z
64970b19fa8601a53f95dc6f85bd9e35,Business Insider,"The 5 most popular CEOs in the US right now, as voted by employees — and the 5 least popular",https://www.businessinsider.com/ceo-most-least-popular-blind-employees-survey-approval-rating-2023-10,https://i.insider.com/6527995368f1d46f52afa533?width=1200&format=jpeg,"Nvidia's CEO Jensen Huang received the highest approval rating of 96%, while Western Digital CEO David Goeckeler was at the bottom of the list at 0%, per Blind's survey.Getty Images
<ul>
<li>Anonymo… [+7942 chars]",2023-10-12T07:51:45Z
4b99b4159c09c21b2cbd24779df74d07,Business Insider,150+ last-minute October Prime Day deals that end tonight,https://www.businessinsider.com/guides/deals/october-prime-day-deals-ending-tonight-2023-10-11,https://i.insider.com/65270e9a68f1d46f52af3eb8?width=1200&format=jpeg,"When you buy through our links, Insider may earn an affiliate commission. Learn more
Prime Day ends in only a few hours, but we're still hard at work finding the best deals on products we recommend.… [+19309 chars]",2023-10-12T02:33:35Z
a2c5204b6f4f493e9618b8e2561964b3,Business Insider,A new all-business class airline promising a 'private jet' experience is launching flights to the Maldives using Airbus aircraft with lie-flat beds — meet Beond,https://www.businessinsider.com/all-business-class-airline-beond-maldives-2023-10,https://i.insider.com/6527133455f52b01b35d2a9b?width=1200&format=jpeg,"Beond is a new all-business-class airline flying between Europe and Asia and the Maldives starting next month. Return fares start at $2,000.Beond
<ul><li>Maldives-based Beond is a new all-business c… [+10366 chars]",2023-10-12T19:47:58Z
f0e168c063a7f2a40f99e7861b24bc4c,Business Insider,It's official: 2023 is the year of Microsoft's glow-up,https://www.businessinsider.com/microsoft-glowup-ai-activision-blizzard-openai-chatgpt-2023-10,https://i.insider.com/632ccfe1f576c60018fc4d3c?width=1200&format=jpeg,"Microsoft CEO Satya Nadella has helped the company complete a remarkable turnaround.Christophe Morin/IP3/Getty Images
<ul><li>Microsoft was once a company that was rapidly fading from relevancy.</li… [+4107 chars]",2023-10-14T08:00:02Z
ad0ed7aa4ea3e23525765cd98a15b452,Design-milk.com,Iconic Photography Brand Leica Launches Their First 4K Cinema TV,https://design-milk.com/leica-cine-1-4k-projector/,https://design-milk.com/images/2023/09/DM-091123-Leica-Cine1-2.jpg,Leica’s iconic red circle logo may stand alone in the realm of photography as one transcending ordinary branding. Leica’s cameras are more closely associated with an aspirational lifestyle than just … [+2790 chars],2023-10-13T16:00:43Z
688064618df3c6fc65240ebe32621ee6,ReadWrite,iPhone 15 fails to boost Taiwanese suppliers as sales plunge,https://readwrite.com/iphone-15-taiwan-suppliers-sales-plunge/,https://readwrite.com/wp-content/uploads/2023/07/laurenz-heymann-VkfhJLz5SMQ-unsplash.jpg,"Major suppliers to Apple in Taiwan recorded another substantial sales decline in September, falling 16.4% year-over-year to NT$1.24 trillion ($38.7 billion). The drop comes despite the launch of Appl… [+2006 chars]",2023-10-13T10:28:07Z
155813414e5a65c255c229082c8bce80,ReadWrite,Gen Z’s new favorite: YouTube tops Netflix in recent survey,https://readwrite.com/gen-zs-new-favorite-youtube-tops-netflix-in-recent-survey/,https://readwrite.com/wp-content/uploads/2023/10/AI-generated-90s-Photos.jpg,"In a recent shift in the digital entertainment landscape, YouTube has overtaken Netflix as the preferred video source among teenagers. This revelation comes from a survey conducted by Piper Sandler, … [+2200 chars]",2023-10-12T16:50:34Z
2851fa182680ca1a7544940e82ad4ab3,Boing Boing,Terrifying tale of an airport mix-up that turned a MacBook into a paperweight,https://boingboing.net/2023/10/13/terrifying-tale-of-an-airport-mix-up-that-turned-a-macbook-into-a-paperweight.html,https://i0.wp.com/boingboing.net/wp-content/uploads/2023/10/Sad_mac.jpg?fit=1200%2C801&ssl=1,"Paul McMahon, a software developer in Tokyo, shared the nightmarish experience of what happened when he didn't set up Find My on his new MacBook Air. As Paul describes, ""Thanks to me not bothering to… [+1062 chars]",2023-10-13T10:38:55Z
351d7ab4c96fb357b84247b661522989,Boing Boing,Score a refurbished iPad Air for less than $130 during Deal Days!,https://boingboing.net/2023/10/13/score-a-refurbished-ipad-air-for-less-than-130-during-deal-days.html,https://i0.wp.com/boingboing.net/wp-content/uploads/2023/10/Boing-Boing-ipad-refurb.jpeg?fit=1200%2C800&ssl=1,"We thank our sponsor for making this content possible; it is not written by the editorial staff nor does it necessarily reflect its views.
TL;DR: Yes, it's possible to grab an iPad for just $130. Th… [+2031 chars]",2023-10-13T15:00:00Z
262c208af2e66f3d078721debe3c2299,VentureBeat,A 14-year trademark battle over the name ‘Edge’ in gaming nears its close,https://venturebeat.com/games/a-14-year-trademark-battle-over-edge-and-edge-games-comes-to-a-close/,https://venturebeat.com/wp-content/uploads/2023/09/edge-games-5.jpg?w=1200&strip=all,"GamesBeat Next unites gaming industry leaders for exceptional content, networking, and deal-making opportunities. Join us on Oct 23-24 in San Francisco.  Register Now
Fourteen years ago, Tim Langdel… [+1739 chars]",2023-10-14T16:30:00Z
e3136c43e888a56875917fda33346f10,Hipertextual,La cámara ultra gran angular del iPhone 16 tendrá una mejora que llevamos años esperando,http://hipertextual.com/2023/10/iphone-16-camara-ultra-gran-angular,https://imgs.hipertextual.com/wp-content/uploads/2023/05/iphone-16-scaled.jpg,"Ha pasado un mes desde que Apple anunció oficialmente los iPhone 15 y 15 Pro, pero los rumores sobre los próximos smartphones de la compañía ya se están dejando ver. En concreto, el analista Jeff Pu … [+2577 chars]",2023-10-13T09:55:37Z
2defbfec5e02652ec4fdebacbf44cefa,Hipertextual,Cómo enviar mensajes de WhatsApp a través de Siri: guía paso a paso,http://hipertextual.com/2023/10/envia-mensajes-whatsapp-a-traves-siri-guia-paso-a-paso,https://i0.wp.com/imgs.hipertextual.com/wp-content/uploads/2023/10/WhatsApp.jpg?fit=2217%2C1477&quality=50&strip=all&ssl=1,"A partir de iOS 17, Apple te da la opción de elegir qué aplicación quieres usar para enviar los mensajes que dictas a Siri. Entre ellas, se encuentra la compatibilidad con WhatsApp, uno de los servic… [+2852 chars]",2023-10-13T12:02:00Z
4fc1207939987e8a365a1eac3a6b86c3,Hipertextual,Por qué el iPhone es el dispositivo más importante para Google,http://hipertextual.com/2023/10/por-que-iphone-dispositivo-mas-importante-google,https://imgs.hipertextual.com/wp-content/uploads/2023/10/iPhone-Google-scaled.jpg,"Google tiene Android, los Pixel y un sinfín de productos enfocados en el hogar inteligente. Sin embargo, su dispositivo más importante es el iPhone, lo creas o no. Al punto tal que están dispuestos a… [+4443 chars]",2023-10-12T18:27:30Z
08add78571630aa513818f95d14a28b7,Hipertextual,Cómo proteger un PDF con contraseña el iPhone,http://hipertextual.com/2023/10/proteger-pdf-contrasena,https://imgs.hipertextual.com/wp-content/uploads/2023/09/Bloquear-PDF-iPhone.jpg,"Hemos hablado muchas veces del estándar PDF, un formato que muchos odian pero que sigue sin una alternativa tan simple y portátil que puedas abrir en cualquier dispositivo o aparato electrónico. Hoy … [+4258 chars]",2023-10-13T09:37:52Z
8b599263164a671bb05142b1130da10a,Hipertextual,Cómo saber cuándo van a desaparecer tus series y películas favoritas de Netflix,http://hipertextual.com/2023/10/contenido-desaparece-de-netflix,https://imgs.hipertextual.com/wp-content/uploads/2023/07/netflix-scaled.jpg,"Cuando llegó Netflix lo cambió todo. Ya estamos acostumbrados, pero olvidamos que la llegada de esta plataforma permitió ver un catálogo prácticamente infinito de series y películas que antes tenías … [+6166 chars]",2023-10-12T23:00:35Z
3d58a3e95b6430bb2f2067bf266a579f,Hipertextual,7 adaptaciones de la obra de Stephen King para un maratón de fin de semana,http://hipertextual.com/2023/10/7-adaptaciones-de-la-obra-de-stephen-king-para-un-maraton-de-fin-de-semana,https://i0.wp.com/imgs.hipertextual.com/wp-content/uploads/2023/10/Stephen-King-Adaptaciones-Hipertextual-scaled.jpg?fit=2560%2C1707&quality=50&strip=all&ssl=1,"Con más de sesenta películas, Stephen King tiene el peculiar honor de uno de los autores contemporáneos con más adaptaciones de su obra en diferentes medios. A la vez, el que tiene una mayor influenc… [+7966 chars]",2023-10-13T15:30:00Z
da1f28c43e99fde8eac0c739c12bde15,Hackaday,Removing the Air Gap From an iPad Display,https://hackaday.com/2023/10/12/removing-the-air-gap-from-an-ipad-display/,https://hackaday.com/wp-content/uploads/2023/10/ipadgap_feat.jpg,Some recent models of the Apple iPad have a rather annoying air gap in between the display and the outer touch surface. This can be particularly frustrating for users that press hard or use the Apple… [+1065 chars],2023-10-13T05:00:25Z
3521c1ae37516be8eaa9932e2842e156,Hackaday,Crabapplepad Folding Keyboard Is Actually Pretty Sweet,https://hackaday.com/2023/10/13/crabapplepad-folding-keyboard-is-actually-pretty-sweet/,https://hackaday.com/wp-content/uploads/2023/10/crabapple-keeb-800.jpg,"[Sergei Silnov] was quite attached to the Microsoft Natural Ergonomic 4000 keyboard, an updated version of their Natural keyboard that brought so many into the split fold. But once [Sergei] started w… [+1198 chars]",2023-10-13T23:00:00Z
b6d5a1422845a78f161e601cc5a5204b,Time,The Best Part of Lessons in Chemistry? The Show Actually Lets Its Leads Have Chemistry,https://time.com/6323295/lessons-in-chemistry-show-book-changes/,https://api.time.com/wp-content/uploads/2023/10/Lessons_In_Chemistry_Photo_010202.jpg?quality=85,"Fans rarely take kindly to changes made to their favorite books in the adaptation process. But in bringing Lessons in Chemistry to Apple TV+, showrunner Lee Eisenberg smoothes some plot holes, explai… [+6295 chars]",2023-10-13T18:14:01Z
d4448edf13acfbcef342ee9fc57b035a,Polygon,The Baldur’s Gate 3 cast love their characters so much that they made them playlists,https://www.polygon.com/23915773/baldurs-gate-3-character-playlists-astarion-halsin-karlach-gale-cast,https://cdn.vox-cdn.com/thumbor/MvzBBem45UAUu7kdXfRKJhAngQg=/0x0:1920x1005/fit-in/1200x630/cdn.vox-cdn.com/uploads/chorus_asset/file/25000364/Untitled_design__1_.png,"In between playing (and replaying) Baldurs Gate 3, you might find yourself wanting to connect with the games iconic characters a little more. As it turns out, theres a very easy way to do that, thank… [+2502 chars]",2023-10-13T16:15:50Z
9c77fdad25bf284ff90101bb168cc8c0,Polygon,The Fall of the House of Usher’s lemon speech is embarrassingly out of touch,https://www.polygon.com/23915870/fall-house-usher-lemon-monologue-bad-mike-flanagan,https://cdn.vox-cdn.com/thumbor/C904YWvJzxijhlavW7HrDMmVD5E=/0x0:3600x1885/fit-in/1200x630/cdn.vox-cdn.com/uploads/chorus_asset/file/25000607/TFHU_101_Unit_06012RC.jpg,"Monologues are Mike Flanagans specialty. From his earliest movies, hes loved to let characters wax poetic about their motivations, the supernatural, or honestly just about anything. Of course, when h… [+8105 chars]",2023-10-14T18:00:00Z
c5fe4356f03aee4fb5200e1357670731,ESPN,Why is winning away from home so difficult in MLS?,https://www.espn.com/soccer/story/_/id/38624121/why-winning-away-home-difficult-mls,https://a.espncdn.com/combiner/i?img=%2Fphoto%2F2023%2F1012%2Fr1237592_1296x729_16%2D9.jpg,"St. Louis City SC head coach Bradley Carnell started his playing career as a teenager at Bidvest Wits FC in Johannesburg, South Africa. One weekend, he and the rest of ""The Clever Boys"" won an away m… [+8139 chars]",2023-10-13T14:05:32Z
09198f06863300a0737b5c3e3d5b290d,Slate Magazine,It’s the Past Year’s Biggest Debut Novel. The TV Adaptation May Be Even Better.,https://slate.com/culture/2023/10/lessons-in-chemistry-show-apple-tv-plus-book-brie-larson.html,https://compote.slate.com/images/fb22d39d-7e9a-47f4-ba4d-d00a04509077.jpeg?crop=1560%2C1040%2Cx0%2Cy0&width=1560,"Set in Southern California in the late 1950s and early 60s, Apple TV+s adaptation of Bonnie Garmus bestselling novel, Lessons in Chemistry, smacks its lips over the vintage, candy-colored autos and a… [+7483 chars]",2023-10-13T16:21:04Z
b718329b848844b17ded0978173a2392,Xataka.com,He probado todos los iPhone 15. Tengo clarísimo cuál es la mejor compra,https://www.xataka.com/analisis/iphone-15-vs-iphone-15-plus-vs-iphone-15-pro-vs-iphone-15-pro-max-comparativa,https://i.blogs.es/607428/img_0851/840_560.jpeg,"En Xataka hemos analizado en profundidad los iPhone 15 y 15 Plus, así como los iPhone 15 Pro y 15 Pro Max. Apple ha dado un importante salto en la familia 15, aunque es más que probable que te estés … [+13918 chars]",2023-10-12T09:01:26Z
03cfeec03a2852e1e0a93c95eecb03e7,Xataka.com,La IA tiene dos caminos para el smartphone: camina o revienta,https://www.xataka.com/moviles/ia-tiene-dos-caminos-para-smartphone-camina-revienta,https://i.blogs.es/a96613/1366_2000/840_560.jpeg,"En estos últimos días hemos conocido unas reuniones que tienen tintes de misticismo tal vez, y de futurismo tecnológico con total seguridad: las de Sam Altman y Jony Ive. El CEO de OpenAI, la empresa… [+4327 chars]",2023-10-14T10:01:39Z
8e41367990d60cb0bc9ee21bbb95af74,Xataka.com,Todavía estás a tiempo: Amazon mantiene en oferta algunos de sus dispositivos Echo,https://www.xataka.com/seleccion/todavia-estas-a-tiempo-amazon-mantiene-oferta-algunos-sus-dispositivos-echo,https://i.blogs.es/68b949/echo/840_560.jpeg,"Si no has podido estar atento a las ofertas de los pasado días en Amazon y te has quedado con las ganas de hacerte con alguno de los altavoces o pantallas inteligentes de la gama Echo, no te preocupe… [+4871 chars]",2023-10-13T13:31:30Z
b5f6e31e83edc3d204386ff6dd4a20bf,Xataka.com,Los semáforos mal sincronizados son un gran problema. Google tiene una solución: inteligencia artificial,https://www.xataka.com/movilidad/semaforos-mal-sincronizados-gran-problema-google-tiene-solucion-inteligencia-artificial,https://i.blogs.es/540378/eliobed-suarez-pn-yni5stdq-unsplash/840_560.jpeg,"No caben dudas de que los semáforos son importantísimos para regular el tráfico de nuestras ciudades y mejorar la seguridad tanto de conductores como de peatones. Sin embargo, el crecimiento de los n… [+3465 chars]",2023-10-12T17:01:26Z
3540ba63ba7da1e94c73762425595455,Xataka.com,China está deslocalizando sus fábricas para producir más barato. Pero no en India o Vietnam: en China,https://www.xataka.com/empresas-y-economia/china-esta-deslocalizando-sus-fabricas-para-producir-barato-no-india-vietnam-china,https://i.blogs.es/32be3a/fabricas-china/840_560.jpeg,"China se enfrenta a uno de los retos económicos más importantes de los últimos 20 años, con un modelo de desarrollo atenazado por el bloqueo de los semiconductores de EE.UU y una economía postpandemi… [+3843 chars]",2023-10-14T16:01:42Z
2261de230f29a3a154a2ee18d2bb6cec,Xataka.com,La mina de dólares de Bill Gates: cómo ha logrado aumentar su fortuna durante más de veinte años seguidos,https://www.xataka.com/empresas-y-economia/mina-dolares-bill-gates-como-ha-logrado-aumentar-su-fortuna-durante-veinte-anos-seguidos,https://i.blogs.es/2fa753/bill-gates/840_560.jpeg,"A sus 67 años, Bill Gates continúa siendo una de las figuras más representativas del auge de la tecnología de finales de los 70 y principios de los 80 cuando en informática todo era campo y se fragua… [+6988 chars]",2023-10-13T17:01:32Z
a480ba7cb4307b80c9f914925beba655,Fox News,How to use ‘Visual Look Up’ feature on iOS 17 to find information easily,https://www.foxnews.com/tech/how-use-visual-look-feature-ios-17-find-information-easily,https://static.foxnews.com/foxnews.com/content/uploads/2023/10/1-Visual-Look-Up.jpg,"You may not be able to decipher whats in every photo, but now your iPhone can. With Apples new iOS 17 feature, ""Visual Look Up,"" you can do just that. Visual Look Up lets you snap a picture and searc… [+3752 chars]",2023-10-13T20:31:08Z
9c1e3b78bb34fe3e2c5b56986eb2e001,IGN,Microsoft Just Bought Activision Blizzard for $69 Billion — So What’s Next?,https://www.ign.com/articles/microsoft-just-bought-activision-blizzard-for-69-billion-so-whats-next,https://assets-prd.ignimgs.com/2023/10/13/xbox-greenlight-logo-endcard-still-3840x2160-web-1697217470568.jpg?width=1280,"Its official: Microsoft has bought Activision Blizzard for an incredible $69 billion. Its the biggest buyout in video game history, and in one fell swoop expands Xboxs first-party offering to encompa… [+7683 chars]",2023-10-13T17:29:37Z
d84ebdebdb01abb6039e3e305af725b1,Gizmodo.com,Victor LaValle on Bringing Women's Perspectives Into The Changeling,https://gizmodo.com/the-changeling-victor-lavalle-kelly-marcel-nycc-1850927492,"https://i.kinja-img.com/image/upload/c_fill,f_auto,fl_progressive,g_center,h_675,pg_1,q_80,w_1200/b105a797493635af77f16e0f1e1dcde7.png","Author Victor LaValle and showrunner Kelly Marcel spoke to io9 at a press line after the panel for Apple TV+s adaptation of The Changeling, talking about how to work within the confines of the novel,… [+1840 chars]",2023-10-14T16:10:00Z
77a43aaea36ba160cebf8dd9cc9dd007,Digital Trends,These iPads are still discounted following the Prime Big Deal days event,https://www.digitaltrends.com/mobile/october-prime-day-ipad-deals-still-available/,https://www.digitaltrends.com/wp-content/uploads/2022/03/ipad-air-5-rear-panel.jpg?resize=1200%2C630&p=1,"Amazon’s Prime Big Deals Days 2023 is already over, but some Prime Day deals for various models of Apple’s iPad remain online. We’re not sure how long they’ll stay available (this may be a glitch, fo… [+3186 chars]",2023-10-12T11:51:57Z
8b52006833999b642db2d95d1114768f,Digital Trends,Which streaming platform has the best screensavers?,https://www.digitaltrends.com/home-theater/streaming-platform-best-screensaver/,https://www.digitaltrends.com/wp-content/uploads/2023/10/apple-tv-screensaver-13.jpg?resize=1200%2C630&p=1,"Apple TV 4K has the best overall screensaver experience, even if it lacks widgets other platforms offer.Phil Nickinson / Digital Trends
Streaming video from providers like Netflix and Disney+ is gen… [+9989 chars]",2023-10-13T14:30:01Z
4699fded47f0f8f51466bcefac451921,Digital Trends,The 15-inch MacBook Air just became an even better buy,https://www.digitaltrends.com/computing/apple-macbook-air-m2-deal-best-buy-october-2023/,https://www.digitaltrends.com/wp-content/uploads/2022/08/macbook-air-m2-7.jpg?resize=1200%2C630&p=1,"Digital Trends
You may have missed Amazon’s returning Prime Day deals from Prime Big Deal Days 2023, but you still have the chance to get the 15-inch Apple MacBook Air M2 for much cheaper than usual… [+1848 chars]",2023-10-12T18:05:45Z
4d5cf28794281bc6f30760c79253e3d8,Digital Trends,Hurry! The Apple Watch Series 9 is still at its Prime Day price,https://www.digitaltrends.com/mobile/apple-watch-series-9-deal-amazon-october-2023/,https://www.digitaltrends.com/wp-content/uploads/2023/09/apple-watch-series-9-apps.jpg?resize=1200%2C630&p=1,"Andy Boxall / Digital Trends
Most shoppers didn’t expect the recently released Apple Watch Series 9 to appear in Amazon’s October Prime Day deals, but it’s even more surprising that the offer from t… [+1916 chars]",2023-10-13T17:40:03Z
6ce99522d745ab8eb00cfe06c3243d5e,Digital Trends,Is the iPhone 15 Pro Max camera as good as Apple says? I found out,https://www.digitaltrends.com/mobile/iphone-15-pro-max-vs-iphone-14-pro-camera-comparison/,https://www.digitaltrends.com/wp-content/uploads/2023/10/iphone-15-pro-max-14-pro-back.jpg?resize=1200%2C630&p=1,"Apple iPhone 14 Pro (left) and iPhone 15 Pro MaxAndy Boxall / Digital Trends
The iPhone 15 Pro Max has the best camera on an iPhone ever. At least, that’s how Apple made it sound during the launch e… [+10929 chars]",2023-10-12T12:00:26Z
81ec7cc9a17d2e8d172065c9c6d3438a,Digital Trends,I have 7 tips to help you take great pictures with your iPhone,https://www.digitaltrends.com/mobile/7-iphone-camera-tips-for-taking-great-pictures/,https://www.digitaltrends.com/wp-content/uploads/2023/10/iPhone-15-Pro-rear-cameras.jpg?resize=1200%2C630&p=1,"Joe Maring / Digital Trends
I’ve been traveling frequently this year, and an iPhone has always stayed in my pocket. I wasn’t a fan of Apple’s camera system until the iPhone 14 series, and I’ve been … [+8712 chars]",2023-10-14T13:00:56Z
6b206a3c54fb18bfd6285bffa4c2e12d,Digital Trends,"Prime Day is over, but these laptop deals are still available",https://www.digitaltrends.com/computing/october-prime-day-laptop-deals-still-available/,https://www.digitaltrends.com/wp-content/uploads/2022/08/macbook-air-m2-5.jpg?resize=1200%2C630&p=1,"Prime Big Deals Day 2023 has ended, but some of the Prime Day laptop deals that rival retailers have rolled out to answer Amazon’s offers are still available. If you want to buy a new laptop for a lo… [+4863 chars]",2023-10-12T11:50:36Z
8b037b2d827616dc85d22990ba6b8e64,Digital Trends,This is as close as we’ll get to a dumb TV anytime soon,https://www.digitaltrends.com/home-theater/dumb-tv-close-enough/,https://www.digitaltrends.com/wp-content/uploads/2023/10/tcl-google-tv.jpg?resize=1200%2C630&p=1,"The “Basic TV” option in the setup of a TCL television.Phil Nickinson / Digital Trends
When it comes to “smart TVs,” you’ll often find that folks fall into two distinct camps. There are those who sa… [+3086 chars]",2023-10-14T23:00:00Z
f9326284acb0559e5dae0c8b54d94436,The Atlantic,Computers Are Learning to Smell,https://www.theatlantic.com/technology/archive/2023/10/ai-scent-digitizing-smell/675608/?utm_source=feed,,"You know the smell of warm, buttered popcorn. A crisp autumn day. The pungent, somewhat sweet scent that precedes rain. But could you begin to describe these aromas in detail? Or compare them? Your n… [+9568 chars]",2023-10-13T12:32:15Z
279e7ec405bed8d419a98f549c68137d,The Atlantic,The Source of America’s Political Chaos,https://www.theatlantic.com/newsletters/archive/2023/10/trump-2016-source-chaos/675643/?utm_source=feed,,"This is an edition of The Atlantic Daily, a newsletter that guides you through the biggest stories of the day, helps you discover new ideas, and recommends the best in culture. Sign up for it here.Mo… [+10093 chars]",2023-10-13T22:16:00Z
1da392f159df884901c6a757a20edc27,Github.com,iSponsorBlockTV v2: SponsorBlock for TVs and game consoles,https://github.com/dmunozv04/iSponsorBlockTV,https://opengraph.githubassets.com/f298c53e4be4a4911c3c0039435165a2fba1f9ddc73e2ae0ff8d852877c489df/dmunozv04/iSponsorBlockTV,"Skip sponsor segments in YouTube videos playing on a YouTube TV device (see below for compatibility details).
This project is written in asynchronous python and should be pretty quick.
Check the wi… [+1469 chars]",2023-10-13T18:19:38Z
49b2685f0b8132fb3bc0e9c651eb6504,Sneak.berlin,Apple OSes Are Insecure by Design to Aid Surveillance,https://sneak.berlin/20231005/apple-operating-system-surveillance/,,"I have a theory that I believe is supported by enough evidence for you to believe it, as well.
Mind you, this is definitionally a conspiracy theory; please dont let the connotations of that phrase b… [+12607 chars]",2023-10-13T20:39:07Z
8e462b9eff8fa89ba55881a4be1ad683,Laptop Mag,Apple's iPhone 15 Pro Max is a disaster:Screen burn-in latest of reported issues,https://www.laptopmag.com/phones/iphone/apples-iphone-15-pro-max-is-a-disaster-screen-burn-in-latest-of-reported-issues,https://cdn.mos.cms.futurecdn.net/vEsSZcvN7EPxwsLZm5sjCV-1200-80.jpg,"Apple’s iPhone 15 Pro Max was supposed to take the world by storm with its new tetraprism lens, actions button, titanium frame, and A17 Pro chipset. However, having been plagued by overheating issues… [+2099 chars]",2023-10-14T21:17:15Z
f817e67d89b4d3b99db809da90f43db2,Atariarchives.org,Cottage Computer Programming (2003?),https://www.atariarchives.org/deli/cottage_computer_programming.php,,"COTTAGECOMPUTERPROGRAMMINGby Paul Lutus
Paul Lutus dropped out of the NASA
rat race to live on a mountaintop for $40 a month.Then he wrote the most popular word
processing program for personal com… [+11543 chars]",2023-10-14T13:16:17Z
0a6b7684ecbf581274233610950a07d7,The Drive,"New Entry-Level Lucid Air Pure RWD Starts at $78,675, Still with 410-Mile Range",https://www.thedrive.com/news/new-entry-level-lucid-air-pure-rwd-starts-at-78675-still-offers-410-mile-range#article,https://www.thedrive.com/uploads/2023/10/05/lucid-air-pure-1.jpg?auto=webp,"Lucid just released its most affordable model yet, one that the California-based EV maker hopes will start to increase its sales volume: the Lucid Air Pure RWD. With a starting price of $78,675 (afte… [+2152 chars]",2023-10-12T14:47:47Z
a24ed812e6091b803cdebea9209827b8,Dadgum.com,Write Code Like You Just Learned How to Program,https://prog21.dadgum.com/87.html,,"Write Code Like You Just Learned How to Program
I'm reading Do More Faster, which is more than a bit of an advertisement for the TechStars start-up incubator, but it's a good read nonetheless. What … [+2770 chars]",2023-10-14T01:54:53Z
d1b9c9875d048da1c3ca1be2ba394354,Ian-leslie.com,The Banality of Genius: Notes on Peter Jackson's Get Back (2022),https://www.ian-leslie.com/p/the-banality-of-genius-notes-on-peter,"https://substackcdn.com/image/fetch/w_1200,h_600,c_fill,f_jpg,q_auto:good,fl_progressive:steep,g_auto/https%3A%2F%2Fbucketeer-e05bbc84-baa3-437e-9518-adb32be77984.s3.amazonaws.com%2Fpublic%2Fimages%2Fc9184442-449f-4ce1-ae58-d578d2b65eab_930x558.jpeg","(Ruffians: I warn you this is quite long. You may have to click at the bottom of the email to access the whole thing).
A friend of mine, a screenwriter in New York, believes Get Back has a catalytic… [+41336 chars]",2023-10-14T14:21:38Z
1f5150a7dcc19a92d4c6fb64dcecb8b1,Dannb.org,Kagi finally let me lay Google Search to rest,https://dannb.org/blog/2023/how-kagi-beats-google/,https://dannb.org/images/blog/2023/09/kagi-search-beats-google-og.jpg,"I’m a Kagi convert, having switched from Google Search in July of 2022 and never looking back. I’m also a vocal supporter of Kagi, frequently mentioning it in my newsletter and encouraging people to … [+14586 chars]",2023-10-12T00:34:42Z
92b21eb8533586c542d066402abf3a6f,Mprove.de,The Interface of Kai Krause's Software,https://mprove.de/script/99/kai/,https://mprove.de/script/99/kai/_media/high/Soap.jpg,"Meta-History
CV
Kai Krause [today: kai.sub.blue]was born 1957 in Dortmund. He came to California in 1976 with two friends. He worked as a musician for Disney Sound Effects; the sound track for Star… [+16873 chars]",2023-10-13T09:10:51Z
18b1c51bb336c999ae99702f6e6ae229,Substack.com,The Midwit Smart Home,https://dynomight.substack.com/p/midwit-home,"https://substackcdn.com/image/fetch/w_1200,h_600,c_fill,f_jpg,q_auto:good,fl_progressive:steep,g_auto/https%3A%2F%2Fsubstack-post-media.s3.amazonaws.com%2Fpublic%2Fimages%2Fa505d5ab-5fd6-43d1-9fe0-ef4a22042c27_1440x900.jpeg","Reading a book one night, you decide to turn on the lights. And suddenly its obvious. Hauling your body across the room just to flip a switch is absurd. So you decide to get smart lights. Two hours l… [+17094 chars]",2023-10-12T16:31:17Z
4da25b33021e10b3b5dae534c40f0b9b,heise online,US-Uni beendet Milliarden-Patentklage gegen Apple und Broadcom,https://www.heise.de/news/US-Uni-beendet-Milliarden-Patentklage-gegen-Apple-und-Broadcom-9334119.html,https://heise.cloudimg.io/bound/1200x1200/q85.png-lossy-85.webp-lossy-85.foil1/_www-heise-de_/imgs/18/4/3/1/8/2/9/9/shutterstock_379210036-74db7818ea8243d2.jpg,"Das California Institute of Technology (CalTech) hat sich mit Apple und Broadcom außergerichtlich geeinigt. Die US-Uni hat ihre Klage gegen die beiden Unternehmen jetzt fallen gelassen, wie die Nachr… [+1738 chars]",2023-10-13T11:18:00Z
abe7d835debdd29632bc056390a6ed57,heise online,"Kurz informiert: Microsoft muss zahlen, Windkraft, Carsharing, Apple TV+",https://www.heise.de/news/Kurz-informiert-Microsoft-muss-zahlen-Windkraft-Carsharing-Apple-TV-9332703.html,https://heise.cloudimg.io/bound/1200x1200/q85.png-lossy-85.webp-lossy-85.foil1/_www-heise-de_/imgs/18/4/3/1/7/5/4/4/Thumb_KurzInformiert2022_4Themen_Kopie_2-5fd168a210d9a24c.png,"Inhaltsverzeichnis
Die US-Steuerbehörde hat Microsoft darüber informiert, dass der Konzern 28,9 Milliarden US-Dollar plus Strafen und Zinsen an Steuern nachzahlen soll. Das hätten Buchprüfungen der … [+2831 chars]",2023-10-12T15:00:00Z
eee17e9109c579c0c3ddc8920eb6c989,heise online,"heise+ | macOS-Update: Tipps, Tricks und Fallen von Sonoma",https://www.heise.de/ratgeber/macOS-Update-Tipps-Tricks-und-Fallen-von-Sonoma-9329482.html?wt_mc=rss.red.ho.ho.atom.beitrag_plus.beitrag_plus,https://heise.cloudimg.io/bound/1200x1200/q85.png-lossy-85.webp-lossy-85.foil1/_www-heise-de_/imgs/18/4/3/1/5/8/2/3/e7d08837f7ce6aa67cfb4d41bbc48a4df39fffc8578be6fb3cdd1b303e391014-1d5bc502c649d4a5.jpg,"Inhaltsverzeichnis
Mehr zu macOS
Dieser Beitrag soll Ihnen helfen, die Änderungen und Verbesserungen von Apples macOS-Update Sonoma mit wenig Aufwand einzuordnen, damit Sie selbst entscheiden könne… [+1411 chars]",2023-10-13T07:30:00Z
607ce65118ecbecb94f1dc4053572225,heise online,Zurück ins Kino: Apple setzt auf große Spielfilme als Streaming-Zugpferd,https://www.heise.de/news/Zurueck-ins-Kino-Apple-setzt-auf-grosse-Spielfilme-als-Streaming-Zugpferd-9332377.html,https://heise.cloudimg.io/bound/1200x1200/q85.png-lossy-85.webp-lossy-85.foil1/_www-heise-de_/imgs/18/4/3/1/7/3/9/4/IMG_0457-4c1ecba6485c915e.PNG,"Apple testet eine neue Strategie für seinen Streaming-Dienst: Statt Martin Scorseses ""Killers of the Flower Moon"" exklusiv bei TV+ zu veröffentlichen, um so neue Abonnenten zu locken, läuft der Film … [+2213 chars]",2023-10-12T09:01:00Z
fa6ed1683b52b9d3b4557e1f9cda917f,heise online,heise+ | Apple-Spielothek: Windows-Games auf dem Mac zocken – ohne Game Porting Toolkit,https://www.heise.de/ratgeber/Apple-Spielothek-Windows-Games-auf-dem-Mac-zocken-ohne-Game-Porting-Toolkit-9332858.html?wt_mc=rss.red.ho.ho.atom.beitrag_plus.beitrag_plus,https://heise.cloudimg.io/bound/1200x1200/q85.png-lossy-85.webp-lossy-85.foil1/_www-heise-de_/imgs/18/4/3/1/7/6/3/3/mi_0523_game_porting_toolkit_digital-15d94b94995ee82b.jpg,"Inhaltsverzeichnis
Mit dem Game Porting Toolkit will Apple wieder mehr Spieleentwickler auf den Mac locken. Für Spieler ist das grundsätzlich gut. Bis damit eine nennenswerte Anzahl an Windows-Titel… [+2138 chars]",2023-10-13T05:30:00Z
ffd374224158a58b21e08175b23dc07b,heise online,Code Week: Das rät ein junger iOS-App-Entwickler Einsteigern,https://www.heise.de/hintergrund/Code-Week-Das-raet-ein-junger-iOS-App-Entwickler-Einsteigern-9334583.html?wt_mc=rss.red.ho.ho.atom.beitrag.beitrag,https://heise.cloudimg.io/bound/1200x1200/q85.png-lossy-85.webp-lossy-85.foil1/_www-heise-de_/imgs/18/4/3/1/8/5/5/6/IMG_3458-ea194e7d328f74b8.JPG,"Wenn es eine Sache gibt, die Nils Bernschneider in seiner Karriere als App-Entwickler rückblickend anders machen würde, dann früher mit dem Programmieren anzufangen. Erst als er 15 war, kam das erste… [+3546 chars]",2023-10-13T15:47:00Z
3321db1c3c6f268b6fad1adf3701d091,heise online,Bei Empfindlichkeit nachjustiert: Apple arbeitet in iOS 17.1 am Action-Button,https://www.heise.de/news/Bei-Empfindlichkeit-nachjustiert-Apple-arbeitet-in-iOS-17-1-am-Action-Button-9333024.html,https://heise.cloudimg.io/bound/1200x1200/q85.png-lossy-85.webp-lossy-85.foil1/_www-heise-de_/imgs/18/4/3/1/7/7/2/6/Apple-iPhone-15-Pro-lineup-Action-button-230912-1074defc025a53bb.jpg,"Apple tüftelt in iOS 17.1 offenbar an der Empfindlichkeit des neuen Action-Buttons, der mit dem iPhone 15 Pro und dem iPhone 15 Pro Max eingeführt wurde. Beobachter haben in einer neuen Betaversion H… [+1529 chars]",2023-10-12T14:50:00Z
02428cf428f714a640b442ec8b322b25,heise online,"#heiseshow: KI-News, Amazons Satelliten-Internet & Meta Quest 3",https://www.heise.de/news/heiseshow-KI-News-Amazons-Satelliten-Internet-Meta-Quest-3-9331534.html,https://heise.cloudimg.io/bound/1200x1200/q85.png-lossy-85.webp-lossy-85.foil1/_www-heise-de_/imgs/18/4/3/1/6/9/3/9/heiseshow2023-3119ca5435dd1dc9.png,"Moderatorin Anna Kalinowsky, heise-online-Chefredakteur Dr. Volker Zota (@DocZet) und Malte Kirchner (@maltekir) sprechen in dieser Ausgabe der #heiseshow unter anderem über folgende Themen:
<ul><li… [+1892 chars]",2023-10-12T04:15:00Z
ff5cb000e767db5383af8a142937ad36,heise online,"Donnerstag: Steuernachforderung für Microsoft, App-Löschung als Kinderschutz",https://www.heise.de/news/Donnerstag-Steuernachforderung-fuer-Microsoft-App-Loeschung-als-Kinderschutz-9332027.html,https://heise.cloudimg.io/bound/1200x1200/q85.png-lossy-85.webp-lossy-85.foil1/_www-heise-de_/imgs/18/4/3/1/7/1/9/7/thursday-4b9f0e78bd445b55.webp,Die US-Steuerbehörde fordert nach Prüfungen eine enorme Nachzahlung von Microsoft. Der Konzern protestiert und will notfalls vor Gericht ziehen. Einer der Streitpunkte ist internationales Cost-Sharin… [+3936 chars],2023-10-12T04:30:00Z
6b5256176e16a90dbcf7138158726b0a,heise online,Sicherheitsvorfall bei Cloud-Gaming-Anbieter Shadow PC,https://www.heise.de/news/Sicherheitsvorfall-bei-Cloud-Gaming-Anbieter-Shadow-PC-9332656.html,https://heise.cloudimg.io/bound/1200x1200/q85.png-lossy-85.webp-lossy-85.foil1/_www-heise-de_/imgs/18/4/3/1/7/5/1/7/shutterstock_1159844176-861bc034309a7f9c.jpg,"Shadow PC wurde jüngst Opfer eines Cyberangriffs, bei dem es zum Abfluss von schützenswerten Daten der Kunden kam. Das Unternehmen benachrichtigt Kunden in einer E-Mail über den Vorfall.
Demnach han… [+1890 chars]",2023-10-12T11:47:00Z
724cf05599d011cec3f1769ca8730e67,heise online,SpaceX: Direkte Anbindung von Smartphones an Satelliteninternet Starlink ab 2024,https://www.heise.de/news/SpaceX-Direkte-Anbindung-von-Smartphones-an-Satelliteninternet-Starlink-ab-2024-9333805.html,https://heise.cloudimg.io/bound/1200x1200/q85.png-lossy-85.webp-lossy-85.foil1/_www-heise-de_/imgs/18/4/3/1/8/1/3/0/BG-image-scaled-3aebc5bafae0a274.jpg,Das US-Raumfahrtunternehmen SpaceX will ab dem kommenden Jahr handelsübliche Smartphones direkt über das Satelliteninternet Starlink online bringen. Das geht aus einer jetzt eingerichteten Website zu… [+3319 chars],2023-10-13T09:27:00Z
4bfaadd1c8c2bb1363452647a11c85b4,9to5Mac,Apple TV+ shows and movies: Everything to watch on Apple TV Plus,https://9to5mac.com/2023/10/13/apple-tv-plus-tv-shows-movies-guide/,https://i0.wp.com/9to5mac.com/wp-content/uploads/sites/6/2019/12/apple-tv-plus.jpg?resize=1200%2C628&quality=82&strip=all&ssl=1,Apple TV+ offers exclusive Apple original TV shows and movies in 4K HDR quality. You can watch across all of your screens and pick up where you left off on any device. Apple TV+ costs $6.99 per month… [+70749 chars],2023-10-13T10:34:40Z
